user_id,total_points_earned,total_points_spent,current_balance,first_activity,last_activity
100052,0,0,0,,
100506,23000,0,23000,2026-05-01 14:48:24.000 -0400,2026-05-01 15:18:40.000 -0400
100335,95580,500,95080,2026-02-22 11:05:13.000 -0500,2026-04-26 15:07:38.000 -0400
100133,54530,1400,53130,2025-12-30 12:17:32.000 -0500,2026-03-08 08:34:17.000 -0400
100407,16580,2250,14330,2026-04-23 13:41:26.000 -0400,2026-05-02 17:39:18.000 -0400
100252,0,0,0,,
100132,0,0,0,,
100058,11220,250,10970,2025-12-07 22:34:03.000 -0500,2025-12-07 23:02:42.000 -0500
100208,2000,0,2000,2026-01-19 19:45:09.000 -0500,2026-01-19 19:45:09.000 -0500
100396,38000,1250,36750,2026-03-31 20:00:40.000 -0400,2026-04-02 10:28:59.000 -0400
100411,0,0,0,,
100138,0,0,0,,
100282,32100,0,32100,2026-02-02 15:03:37.000 -0500,2026-05-06 13:15:55.000 -0400
100264,0,0,0,,
100523,31135,1850,29285,2026-05-07 12:37:59.000 -0400,2026-05-11 12:13:12.000 -0400
100045,0,0,0,,
100433,0,0,0,,
100169,9960,1000,8960,2026-01-14 11:54:18.000 -0500,2026-01-14 12:10:33.000 -0500
100152,0,0,0,,
100366,9500,0,9500,2026-03-23 10:36:24.000 -0400,2026-03-26 13:42:44.000 -0400
100516,57525,1000,56525,2026-05-04 14:35:49.000 -0400,2026-05-07 16:34:50.000 -0400
100131,36000,0,36000,2026-02-23 11:30:55.000 -0500,2026-02-23 11:30:55.000 -0500
100275,4045,0,4045,2026-01-30 11:10:39.000 -0500,2026-02-02 11:10:12.000 -0500
100413,0,0,0,,
100495,0,0,0,,
100333,43180,3400,39780,2026-02-21 23:34:51.000 -0500,2026-04-13 14:41:18.000 -0400
100386,0,0,0,,
100142,0,0,0,,
100248,0,0,0,,
100042,61770,2790,58980,2026-01-03 23:49:37.000 -0500,2026-03-21 11:00:44.000 -0400
100129,0,0,0,,
100360,0,0,0,,
100057,10050,1000,9050,2025-12-05 15:31:55.000 -0500,2026-01-26 09:23:32.000 -0500
100031,20520,1750,18770,2025-12-21 15:46:26.000 -0500,2026-02-10 15:31:25.000 -0500
100124,0,0,0,,
100015,2980,250,2730,2025-11-21 15:19:51.000 -0500,2025-11-21 15:35:38.000 -0500
100007,47210,500,46710,2025-11-27 12:00:00.000 -0500,2026-04-11 17:18:12.000 -0400
100487,44000,1500,42500,2026-05-09 13:53:17.000 -0400,2026-05-09 14:02:23.000 -0400
100511,60560,1400,59160,2026-05-04 16:21:14.000 -0400,2026-05-04 16:42:02.000 -0400
100444,0,0,0,,
100010,0,0,0,,
100435,0,0,0,,
100298,0,0,0,,
100207,4000,0,4000,2026-01-15 12:11:51.000 -0500,2026-01-15 12:18:34.000 -0500
100055,0,0,0,,
100030,0,0,0,,
100498,0,0,0,,
100363,0,0,0,,
100365,0,0,0,,
100215,0,0,0,,
100109,0,0,0,,
100190,124285,7900,116385,2026-01-15 15:53:30.000 -0500,2026-05-11 15:12:59.000 -0400
100456,0,0,0,,
100529,43000,1000,42000,2026-05-07 11:16:13.000 -0400,2026-05-07 11:28:49.000 -0400
100175,1100,0,1100,2026-01-20 09:40:04.000 -0500,2026-01-20 14:04:25.000 -0500
100224,0,0,0,,
100167,45915,500,45415,2026-01-07 09:35:34.000 -0500,2026-05-10 18:56:21.000 -0400
100165,0,0,0,,
100049,0,0,0,,
100324,0,0,0,,
100069,0,0,0,,
100486,0,0,0,,
100304,0,0,0,,
100087,102970,0,102970,2025-12-11 14:10:23.000 -0500,2026-05-04 13:43:49.000 -0400
100258,15570,1150,14420,2026-02-02 11:21:19.000 -0500,2026-04-23 10:14:24.000 -0400
100086,138025,1250,136775,2026-03-04 18:08:43.000 -0500,2026-05-02 14:36:07.000 -0400
100108,13180,1500,11680,2025-12-14 10:46:53.000 -0500,2025-12-14 11:10:50.000 -0500
100044,8290,810,7480,2025-12-03 22:04:42.000 -0500,2026-04-03 11:21:52.000 -0400
100221,2000,0,2000,2026-01-26 21:36:24.000 -0500,2026-01-26 21:36:24.000 -0500
100453,0,0,0,,
100145,62820,750,62070,2026-04-04 10:25:28.000 -0400,2026-04-27 12:59:41.000 -0400
100098,59520,1920,57600,2026-01-07 13:29:10.000 -0500,2026-02-25 14:09:53.000 -0500
100514,0,0,0,,
100369,29000,0,29000,2026-03-23 12:16:48.000 -0400,2026-03-23 12:16:48.000 -0400
100198,4500,0,4500,2026-02-20 13:37:51.000 -0500,2026-02-20 13:37:51.000 -0500
100380,0,0,0,,
100214,0,0,0,,
100249,67180,1000,66180,2026-01-27 00:09:35.000 -0500,2026-03-12 23:16:30.000 -0400
100345,0,0,0,,
100316,0,0,0,,
100272,2000,0,2000,2026-01-29 22:35:07.000 -0500,2026-01-29 22:35:07.000 -0500
100494,0,0,0,,
100226,63155,1790,61365,2026-01-21 23:02:05.000 -0500,2026-03-29 14:03:46.000 -0400
100113,0,0,0,,
100018,6980,520,6460,2025-11-21 19:39:37.000 -0500,2025-11-21 19:55:45.000 -0500
100395,30800,2000,28800,2026-03-31 14:02:27.000 -0400,2026-03-31 14:12:48.000 -0400
100036,62540,1020,61520,2025-12-02 09:14:46.000 -0500,2026-02-27 09:41:43.000 -0500
100202,0,0,0,,
100452,0,0,0,,
100391,52500,1950,50550,2026-04-06 10:58:21.000 -0400,2026-04-06 11:07:21.000 -0400
100268,8240,0,8240,2026-01-29 22:09:07.000 -0500,2026-01-29 22:16:16.000 -0500
100286,0,0,0,,
100492,75805,2500,73305,2026-05-01 12:34:18.000 -0400,2026-05-12 12:38:28.000 -0400
100213,0,0,0,,
100089,0,0,0,,
100505,0,0,0,,
100239,9960,0,9960,2026-01-24 01:27:58.000 -0500,2026-01-24 01:46:52.000 -0500
100217,6000,0,6000,2026-01-24 16:04:24.000 -0500,2026-01-24 16:16:10.000 -0500
100454,0,0,0,,
100061,32410,1500,30910,2026-01-08 14:59:54.000 -0500,2026-05-06 15:31:57.000 -0400
100034,8240,500,7740,2025-12-15 13:25:12.000 -0500,2026-01-07 15:46:34.000 -0500
100405,0,0,0,,
100311,2000,0,2000,2026-02-12 09:01:27.000 -0500,2026-02-12 09:01:27.000 -0500
100084,980,0,980,2025-12-08 22:58:08.000 -0500,2025-12-08 22:58:08.000 -0500
100054,57540,0,57540,2026-03-04 23:31:00.000 -0500,2026-03-04 23:52:33.000 -0500
100359,99210,250,98960,2026-03-18 23:36:25.000 -0400,2026-04-30 01:34:08.000 -0400
100046,58520,1500,57020,2026-01-07 17:35:57.000 -0500,2026-03-20 15:20:57.000 -0400
100402,48480,1800,46680,2026-04-06 13:46:12.000 -0400,2026-04-06 13:59:01.000 -0400
100050,0,0,0,,
100385,125215,3500,121715,2026-03-28 11:10:26.000 -0400,2026-05-06 17:01:22.000 -0400
100420,0,0,0,,
100414,0,0,0,,
100354,0,0,0,,
100095,30780,1770,29010,2026-01-26 17:41:28.000 -0500,2026-04-29 12:53:59.000 -0400
100520,0,0,0,,
100478,0,0,0,,
100343,81125,3450,77675,2026-02-27 11:44:33.000 -0500,2026-05-06 09:11:12.000 -0400
100521,0,0,0,,
100154,48040,1750,46290,2026-03-04 16:46:56.000 -0500,2026-04-28 15:21:41.000 -0400
100096,0,0,0,,
100339,0,0,0,,
100416,0,0,0,,
100164,5230,250,4980,2026-01-05 19:33:44.000 -0500,2026-01-06 19:52:03.000 -0500
100499,0,0,0,,
100464,0,0,0,,
100296,117760,4900,112860,2026-02-09 22:01:47.000 -0500,2026-04-20 13:55:54.000 -0400
100240,0,0,0,,
100488,14000,0,14000,2026-05-02 18:54:59.000 -0400,2026-05-02 18:54:59.000 -0400
100125,0,0,0,,
100236,2000,0,2000,2026-01-24 15:29:26.000 -0500,2026-01-24 15:29:26.000 -0500
100199,6000,250,5750,2026-01-14 22:16:16.000 -0500,2026-02-05 12:33:18.000 -0500
100341,132235,5000,127235,2026-03-20 13:38:03.000 -0400,2026-05-11 23:27:09.000 -0400
100308,0,0,0,,
100263,40000,0,40000,2026-03-20 12:37:18.000 -0400,2026-03-20 12:37:18.000 -0400
100039,12000,1250,10750,2026-01-08 15:06:28.000 -0500,2026-03-27 11:13:59.000 -0400
100060,6480,750,5730,2025-12-13 09:35:03.000 -0500,2025-12-13 09:41:59.000 -0500
100136,0,0,0,,
100370,0,0,0,,
100331,70970,4750,66220,2026-02-21 18:42:36.000 -0500,2026-04-09 17:21:02.000 -0400
100500,0,0,0,,
100237,6000,0,6000,2026-01-23 19:09:50.000 -0500,2026-04-20 13:26:50.000 -0400
100531,0,0,0,,
100180,5230,500,4730,2026-01-08 02:46:14.000 -0500,2026-01-08 03:03:37.000 -0500
100233,0,0,0,,
100009,107950,500,107450,2025-11-19 14:27:36.000 -0500,2026-04-21 10:46:32.000 -0400
100273,0,0,0,,
100003,4240,270,3970,2025-11-19 06:37:31.000 -0500,2025-11-30 08:18:03.000 -0500
100532,0,0,0,,
100266,61520,2700,58820,2026-01-30 08:29:41.000 -0500,2026-02-25 15:37:59.000 -0500
100446,0,0,0,,
100017,48895,1020,47875,2025-11-22 10:51:08.000 -0500,2026-03-31 21:26:22.000 -0400
100412,0,0,0,,
100379,0,0,0,,
100526,25300,0,25300,2026-05-07 12:53:08.000 -0400,2026-05-07 12:58:55.000 -0400
100424,0,0,0,,
100188,0,0,0,,
100534,42220,0,42220,2026-05-09 13:39:07.000 -0400,2026-05-10 13:56:37.000 -0400
100485,70780,0,70780,2026-04-27 17:34:53.000 -0400,2026-04-30 16:14:00.000 -0400
100432,0,0,0,,
100259,0,0,0,,
100512,67030,4650,62380,2026-05-03 15:00:16.000 -0400,2026-05-04 12:53:38.000 -0400
100528,0,0,0,,
100364,36800,0,36800,2026-03-20 13:28:31.000 -0400,2026-03-20 14:09:05.000 -0400
100139,6500,0,6500,2026-04-29 13:51:28.000 -0400,2026-04-29 13:53:42.000 -0400
100081,6000,750,5250,2025-12-10 13:14:52.000 -0500,2026-01-07 13:06:23.000 -0500
100277,122870,1300,121570,2026-02-17 10:26:18.000 -0500,2026-05-07 02:07:31.000 -0400
100400,0,0,0,,
100517,0,0,0,,
100422,0,0,0,,
100423,0,0,0,,
100408,0,0,0,,
100389,0,0,0,,
100315,0,0,0,,
100449,0,0,0,,
100141,49455,500,48955,2026-02-11 08:03:47.000 -0500,2026-02-20 07:49:48.000 -0500
100539,0,0,0,,
100410,0,0,0,,
100126,8240,750,7490,2025-12-20 12:29:41.000 -0500,2025-12-20 13:23:55.000 -0500
100376,49530,0,49530,2026-03-26 13:09:23.000 -0400,2026-05-07 13:01:25.000 -0400
100162,0,0,0,,
100041,40500,0,40500,2026-03-02 14:12:18.000 -0500,2026-03-02 17:14:49.000 -0500
100267,20660,400,20260,2026-01-31 17:36:51.000 -0500,2026-04-27 11:45:51.000 -0400
100148,0,0,0,,
100477,0,0,0,,
100378,47520,1050,46470,2026-03-29 14:56:11.000 -0400,2026-04-07 21:52:54.000 -0400
100183,37250,0,37250,2026-01-19 14:39:15.000 -0500,2026-02-20 11:35:41.000 -0500
100256,6050,0,6050,2026-01-27 14:49:55.000 -0500,2026-01-28 18:21:18.000 -0500
100116,103280,4520,98760,2025-12-14 17:14:24.000 -0500,2026-04-03 17:28:14.000 -0400
100122,0,0,0,,
100490,0,0,0,,
100246,0,0,0,,
100035,0,0,0,,
100493,0,0,0,,
100156,58870,2750,56120,2026-02-11 07:42:42.000 -0500,2026-04-28 01:49:10.000 -0400
100076,8240,0,8240,2025-12-30 16:19:15.000 -0500,2025-12-30 17:00:38.000 -0500
100475,0,0,0,,
100027,4000,250,3750,2025-11-30 09:29:48.000 -0500,2025-11-30 09:38:02.000 -0500
100276,0,0,0,,
100112,123165,1210,121955,2026-01-07 10:25:07.000 -0500,2026-05-07 09:22:29.000 -0400
100073,2000,0,2000,2025-12-10 02:08:12.000 -0500,2025-12-10 02:08:12.000 -0500
100265,46080,500,45580,2026-04-03 13:27:13.000 -0400,2026-04-03 13:39:53.000 -0400
100184,250,0,250,2026-01-09 18:31:54.000 -0500,2026-01-09 18:31:54.000 -0500
100525,0,0,0,,
100301,0,0,0,,
100245,0,0,0,,
100342,0,0,0,,
100193,2000,0,2000,2026-01-13 15:20:49.000 -0500,2026-01-13 15:20:49.000 -0500
100415,0,0,0,,
100397,0,0,0,,
100037,4000,500,3500,2026-01-07 18:28:50.000 -0500,2026-01-20 10:52:09.000 -0500
100455,0,0,0,,
100329,0,0,0,,
100383,35000,0,35000,2026-03-27 05:26:36.000 -0400,2026-03-27 05:26:36.000 -0400
100251,2000,0,2000,2026-01-27 15:11:14.000 -0500,2026-01-27 15:11:14.000 -0500
100147,9960,0,9960,2025-12-30 21:36:23.000 -0500,2025-12-30 21:55:48.000 -0500
100381,38000,0,38000,2026-03-27 18:51:38.000 -0400,2026-03-27 18:51:38.000 -0400
100322,0,0,0,,
100172,0,0,0,,
100356,0,0,0,,
100137,0,0,0,,
100150,123860,1080,122780,2026-01-02 13:19:57.000 -0500,2026-05-09 11:50:42.000 -0400
100352,0,0,0,,
100327,0,0,0,,
100535,0,0,0,,
100160,0,0,0,,
100177,50800,0,50800,2026-01-25 17:18:03.000 -0500,2026-03-05 23:15:08.000 -0500
100144,126535,2500,124035,2026-01-03 19:11:06.000 -0500,2026-05-11 23:48:46.000 -0400
100465,0,0,0,,
100515,10000,0,10000,2026-05-07 11:32:39.000 -0400,2026-05-07 11:32:39.000 -0400
100200,300,0,300,2026-02-16 20:57:50.000 -0500,2026-02-16 20:57:50.000 -0500
100346,19300,1500,17800,2026-03-20 13:51:42.000 -0400,2026-03-20 14:02:50.000 -0400
100016,0,0,0,,
100062,0,0,0,,
100218,45300,1400,43900,2026-02-23 11:37:35.000 -0500,2026-02-23 11:53:39.000 -0500
100321,55300,750,54550,2026-03-02 17:10:49.000 -0500,2026-03-02 19:13:39.000 -0500
100334,0,0,0,,
100484,0,0,0,,
100225,6000,500,5500,2026-01-20 15:38:43.000 -0500,2026-01-20 20:27:11.000 -0500
100232,66345,3300,63045,2026-01-23 16:19:30.000 -0500,2026-03-04 14:26:59.000 -0500
100445,0,0,0,,
100297,11300,0,11300,2026-02-09 11:59:32.000 -0500,2026-02-09 12:06:19.000 -0500
100091,0,0,0,,
100443,0,0,0,,
100429,0,0,0,,
100194,79075,2150,76925,2026-05-04 20:39:25.000 -0400,2026-05-06 12:39:39.000 -0400
100178,4250,0,4250,2026-01-07 22:48:58.000 -0500,2026-01-07 23:29:18.000 -0500
100135,0,0,0,,
100114,60150,3270,56880,2026-02-23 13:19:50.000 -0500,2026-02-23 14:15:32.000 -0500
100127,79780,0,79780,2026-03-01 17:02:56.000 -0500,2026-05-12 11:54:17.000 -0400
100281,0,0,0,,
100025,0,0,0,,
100501,0,0,0,,
100300,43800,0,43800,2026-02-23 12:22:54.000 -0500,2026-02-23 12:28:10.000 -0500
100212,0,0,0,,
100028,0,0,0,,
100450,0,0,0,,
100337,0,0,0,,
100153,2000,0,2000,2026-01-05 13:04:05.000 -0500,2026-01-05 13:04:05.000 -0500
100269,0,0,0,,
100283,0,0,0,,
100353,0,0,0,,
100101,6000,500,5500,2025-12-11 17:35:48.000 -0500,2025-12-30 14:39:23.000 -0500
100510,0,0,0,,
100176,73255,1250,72005,2026-01-09 22:56:58.000 -0500,2026-04-27 13:29:49.000 -0400
100332,0,0,0,,
100261,4500,0,4500,2026-02-03 08:23:24.000 -0500,2026-02-03 08:23:24.000 -0500
100123,73400,0,73400,2026-03-04 14:41:01.000 -0500,2026-03-20 10:44:56.000 -0400
100191,0,0,0,,
100507,33300,2550,30750,2026-05-01 15:42:36.000 -0400,2026-05-03 17:22:01.000 -0400
100483,0,0,0,,
100527,14000,0,14000,2026-05-06 23:45:57.000 -0400,2026-05-06 23:45:57.000 -0400
100280,0,0,0,,
100406,59520,0,59520,2026-04-08 14:44:22.000 -0400,2026-04-09 04:03:46.000 -0400
100053,51430,0,51430,2026-03-04 17:57:49.000 -0500,2026-03-10 02:15:34.000 -0400
100238,8740,500,8240,2026-01-31 15:02:36.000 -0500,2026-01-31 15:27:12.000 -0500
100082,6000,0,6000,2025-12-15 16:04:19.000 -0500,2026-01-07 13:27:02.000 -0500
100020,10210,1000,9210,2026-01-19 14:47:34.000 -0500,2026-01-19 15:08:34.000 -0500
100130,0,0,0,,
100467,54080,5050,49030,2026-04-15 18:50:28.000 -0400,2026-05-07 18:47:12.000 -0400
100344,0,0,0,,
100293,10000009770,0,10000009770,2026-02-09 15:06:24.000 -0500,2026-02-10 11:54:35.000 -0500
100480,49440,3900,45540,2026-04-29 16:40:52.000 -0400,2026-05-06 08:38:53.000 -0400
100242,4240,0,4240,2026-01-26 16:51:06.000 -0500,2026-01-26 16:53:30.000 -0500
100472,0,500,-500,2026-04-27 13:34:14.000 -0400,2026-04-27 13:34:46.000 -0400
100209,64420,1000,63420,2026-01-15 17:26:48.000 -0500,2026-03-17 16:04:06.000 -0400
100409,26000,2000,24000,2026-04-10 17:11:38.000 -0400,2026-04-10 17:36:30.000 -0400
100174,0,0,0,,
100244,0,0,0,,
100289,0,0,0,,
100284,50930,2500,48430,2026-02-18 11:05:54.000 -0500,2026-03-04 18:21:21.000 -0500
100291,0,0,0,,
100222,2980,250,2730,2026-01-20 11:47:57.000 -0500,2026-01-20 11:50:48.000 -0500
100349,0,0,0,,
100320,0,0,0,,
100159,14980,1000,13980,2026-01-02 18:24:23.000 -0500,2026-05-08 13:49:35.000 -0400
100038,5230,500,4730,2025-12-05 13:42:03.000 -0500,2025-12-05 15:24:50.000 -0500
100462,0,0,0,,
100203,0,0,0,,
100398,0,0,0,,
100294,0,0,0,,
100513,8000,0,8000,2026-05-04 22:31:42.000 -0400,2026-05-04 22:31:42.000 -0400
100295,47800,1000,46800,2026-02-09 09:07:57.000 -0500,2026-04-03 13:37:10.000 -0400
100103,0,0,0,,
100481,0,0,0,,
100065,0,0,0,,
100351,36800,1250,35550,2026-03-20 19:26:00.000 -0400,2026-03-20 19:31:54.000 -0400
100518,74455,4300,70155,2026-05-05 12:10:01.000 -0400,2026-05-07 00:12:53.000 -0400
100312,0,0,0,,
100328,0,0,0,,
100340,0,0,0,,
100094,6980,0,6980,2025-12-12 00:23:52.000 -0500,2025-12-12 00:39:29.000 -0500
100358,0,0,0,,
100336,117705,2000,115705,2026-02-28 18:45:03.000 -0500,2026-05-09 15:42:31.000 -0400
100171,0,0,0,,
100434,0,0,0,,
100140,74810,0,74810,2025-12-30 20:01:05.000 -0500,2026-05-04 14:05:01.000 -0400
100106,9370,1020,8350,2025-12-11 23:52:02.000 -0500,2025-12-12 01:41:05.000 -0500
100011,11260,1400,9860,2025-11-26 00:22:57.000 -0500,2026-01-26 00:28:50.000 -0500
100278,0,0,0,,
100056,67070,3400,63670,2026-01-07 21:42:10.000 -0500,2026-04-05 14:47:28.000 -0400
100319,0,0,0,,
100107,53550,0,53550,2026-02-11 14:05:09.000 -0500,2026-03-09 19:32:27.000 -0400
100418,0,0,0,,
100187,0,0,0,,
100382,91745,500,91245,2026-04-13 14:18:47.000 -0400,2026-05-12 09:11:10.000 -0400
100489,0,0,0,,
100504,0,0,0,,
100064,0,0,0,,
100151,21680,2000,19680,2026-05-04 20:52:44.000 -0400,2026-05-04 22:01:36.000 -0400
100093,7280,550,6730,2026-04-27 15:42:55.000 -0400,2026-04-27 15:48:44.000 -0400
100077,0,0,0,,
100305,74410,3800,70610,2026-02-11 20:44:59.000 -0500,2026-04-30 16:16:43.000 -0400
100158,10240,0,10240,2026-01-02 12:39:09.000 -0500,2026-01-07 20:13:35.000 -0500
100111,0,0,0,,
100459,0,0,0,,
100326,130690,2000,128690,2026-02-18 21:17:51.000 -0500,2026-05-12 12:54:47.000 -0400
100118,4000,0,4000,2026-01-04 17:22:34.000 -0500,2026-01-04 17:25:29.000 -0500
100072,0,0,0,,
100040,18380,0,18380,2026-01-07 16:17:19.000 -0500,2026-01-26 06:01:55.000 -0500
100314,0,0,0,,
100255,6750,0,6750,2026-01-27 22:39:05.000 -0500,2026-02-25 23:27:49.000 -0500
100388,0,0,0,,
100285,67540,0,67540,2026-02-23 17:22:35.000 -0500,2026-03-24 10:40:28.000 -0400
100461,0,0,0,,
100205,10240,0,10240,2026-01-19 14:33:38.000 -0500,2026-01-19 15:38:02.000 -0500
100143,21770,1770,20000,2025-12-30 19:27:03.000 -0500,2026-05-02 21:28:36.000 -0400
100479,0,0,0,,
100403,41050,0,41050,2026-04-07 13:43:58.000 -0400,2026-04-07 14:09:28.000 -0400
100048,43000,0,43000,2026-02-23 10:54:23.000 -0500,2026-02-23 10:54:23.000 -0500
100419,0,0,0,,
100538,51375,1500,49875,2026-05-11 12:02:57.000 -0400,2026-05-11 14:33:12.000 -0400
100491,80055,4000,76055,2026-05-01 13:44:38.000 -0400,2026-05-11 17:47:31.000 -0400
100157,0,0,0,,
100533,0,0,0,,
100219,11960,0,11960,2026-01-20 13:49:12.000 -0500,2026-01-22 13:22:15.000 -0500
100163,0,0,0,,
100260,0,0,0,,
100497,51000,0,51000,2026-05-07 12:28:29.000 -0400,2026-05-07 12:34:45.000 -0400
100330,0,0,0,,
100302,0,0,0,,
100394,33500,550,32950,2026-03-30 15:24:36.000 -0400,2026-04-28 16:29:16.000 -0400
100303,0,0,0,,
100100,0,0,0,,
100231,0,0,0,,
100119,6000,0,6000,2025-12-18 09:15:52.000 -0500,2025-12-18 09:24:38.000 -0500
100201,0,0,0,,
100325,0,0,0,,
100186,67775,3840,63935,2026-01-14 12:15:43.000 -0500,2026-03-31 12:46:58.000 -0400
100120,0,0,0,,
100438,0,0,0,,
100355,5100,0,5100,2026-04-21 14:45:31.000 -0400,2026-04-21 14:52:35.000 -0400
100004,0,0,0,,
100023,4000,0,4000,2025-11-30 15:55:38.000 -0500,2025-11-30 15:58:05.000 -0500
100466,0,0,0,,
100274,49300,1150,48150,2026-02-25 03:52:23.000 -0500,2026-02-25 04:09:57.000 -0500
100063,6000,0,6000,2026-01-27 06:48:55.000 -0500,2026-01-27 18:14:19.000 -0500
100067,0,0,0,,
100230,60070,2900,57170,2026-01-21 20:27:19.000 -0500,2026-03-12 15:01:30.000 -0400
100227,0,0,0,,
100299,0,0,0,,
100197,0,0,0,,
100457,0,0,0,,
100110,0,0,0,,
100448,0,0,0,,
100460,0,0,0,,
100241,0,0,0,,
100097,0,0,0,,
100161,0,0,0,,
100361,31350,500,30850,2026-03-19 12:53:47.000 -0400,2026-04-20 13:01:20.000 -0400
100121,123710,2550,121160,2025-12-18 09:05:11.000 -0500,2026-04-27 21:15:37.000 -0400
100235,0,0,0,,
100430,0,0,0,,
100290,0,0,0,,
100117,2000,0,2000,2025-12-14 17:45:57.000 -0500,2025-12-14 17:45:57.000 -0500
100474,4800,250,4550,2026-04-17 15:48:58.000 -0400,2026-04-17 15:52:13.000 -0400
100476,0,0,0,,
100179,0,0,0,,
100001,6380,0,6380,2025-11-30 09:23:58.000 -0500,2026-04-24 12:06:59.000 -0400
100374,0,0,0,,
100002,0,0,0,,
100047,0,0,0,,
100019,0,0,0,,
100071,49880,0,49880,2025-12-08 15:00:53.000 -0500,2026-04-14 12:25:35.000 -0400
100442,0,0,0,,
100313,48080,0,48080,2026-02-21 23:11:33.000 -0500,2026-04-15 22:51:36.000 -0400
100204,0,0,0,,
100228,0,0,0,,
100536,0,0,0,,
100306,0,0,0,,
100254,58520,2940,55580,2026-02-19 17:37:32.000 -0500,2026-02-19 18:38:37.000 -0500
100368,0,0,0,,
100032,14900,0,14900,2026-04-28 21:32:23.000 -0400,2026-05-12 00:20:06.000 -0400
100022,10790,0,10790,2025-11-30 08:14:39.000 -0500,2025-11-30 09:06:14.000 -0500
100371,0,0,0,,
100181,2000,250,1750,2026-01-08 16:16:51.000 -0500,2026-01-08 16:17:59.000 -0500
100439,0,0,0,,
100247,0,0,0,,
100189,0,0,0,,
100104,6260,0,6260,2025-12-12 19:06:48.000 -0500,2025-12-12 21:05:08.000 -0500
100309,125,0,125,2026-02-18 10:42:32.000 -0500,2026-02-18 10:48:14.000 -0500
100182,0,0,0,,
100206,4500,0,4500,2026-02-02 10:34:46.000 -0500,2026-02-02 10:34:46.000 -0500
100195,0,0,0,,
100008,0,0,0,,
100362,0,0,0,,
100257,122130,1750,120380,2026-03-04 20:55:22.000 -0500,2026-04-24 08:56:30.000 -0400
100105,0,0,0,,
100006,13300,270,13030,2026-02-02 12:14:42.000 -0500,2026-02-02 12:20:30.000 -0500
100417,0,0,0,,
100404,55820,0,55820,2026-04-07 12:50:49.000 -0400,2026-04-07 13:55:09.000 -0400
100468,68280,3700,64580,2026-05-04 13:08:58.000 -0400,2026-05-08 12:35:23.000 -0400
100375,39000,0,39000,2026-03-25 15:22:59.000 -0400,2026-03-25 15:22:59.000 -0400
100149,250,0,250,2025-12-31 11:27:43.000 -0500,2025-12-31 11:27:43.000 -0500
100440,0,0,0,,
100426,0,0,0,,
100014,56450,1540,54910,2025-11-21 11:49:44.000 -0500,2026-05-06 11:40:37.000 -0400
100470,71910,3250,68660,2026-04-16 18:18:00.000 -0400,2026-05-12 13:58:21.000 -0400
100310,14040,750,13290,2026-02-11 16:32:55.000 -0500,2026-02-12 10:35:15.000 -0500
100068,0,0,0,,
100384,0,0,0,,
100348,0,0,0,,
100102,28780,0,28780,2026-04-13 09:43:03.000 -0400,2026-04-13 10:11:12.000 -0400
100458,0,0,0,,
100447,0,0,0,,
100482,9300,1300,8000,2026-04-24 13:17:15.000 -0400,2026-04-24 13:36:20.000 -0400
100166,0,0,0,,
100146,0,0,0,,
100234,49610,0,49610,2026-04-03 11:46:02.000 -0400,2026-04-03 12:01:22.000 -0400
100338,0,0,0,,
100196,0,0,0,,
100070,0,0,0,,
100537,48580,500,48080,2026-05-11 13:17:26.000 -0400,2026-05-11 14:26:44.000 -0400
100216,0,0,0,,
100270,0,0,0,,
100421,0,0,0,,
100530,10000,0,10000,2026-05-07 14:00:27.000 -0400,2026-05-07 14:00:27.000 -0400
100392,0,0,0,,
100436,0,0,0,,
100367,74120,3500,70620,2026-03-24 15:44:20.000 -0400,2026-05-06 18:23:17.000 -0400
100496,0,0,0,,
100099,0,0,0,,
100021,0,0,0,,
100066,0,0,0,,
100170,0,0,0,,
100079,135035,7490,127545,2025-12-10 10:03:32.000 -0500,2026-05-06 20:47:49.000 -0400
100262,0,0,0,,
100441,0,0,0,,
100211,43040,1000,42040,2026-01-19 20:06:05.000 -0500,2026-03-18 11:15:39.000 -0400
100347,0,0,0,,
100372,40000,0,40000,2026-03-24 19:52:10.000 -0400,2026-03-24 19:52:10.000 -0400
100431,0,0,0,,
100471,70380,0,70380,2026-04-19 01:57:13.000 -0400,2026-04-19 02:59:47.000 -0400
100092,12490,1270,11220,2025-12-14 13:30:47.000 -0500,2025-12-15 20:52:47.000 -0500
100192,4240,0,4240,2026-01-14 13:23:13.000 -0500,2026-01-14 13:25:28.000 -0500
100428,0,0,0,,
100373,0,0,0,,
100519,0,0,0,,
100399,0,0,0,,
100253,48490,1500,46990,2026-01-27 14:11:09.000 -0500,2026-03-29 20:02:26.000 -0400
100083,70850,1000,69850,2025-12-10 08:55:48.000 -0500,2026-04-04 20:35:57.000 -0400
100043,0,0,0,,
100155,0,0,0,,
100080,46500,0,46500,2026-04-14 20:33:25.000 -0400,2026-04-14 20:37:06.000 -0400
100024,0,0,0,,
100134,0,0,0,,
100033,0,0,0,,
100522,22885,1000,21885,2026-05-06 08:49:32.000 -0400,2026-05-08 15:58:19.000 -0400
100090,9960,0,9960,2025-12-10 09:29:28.000 -0500,2025-12-10 09:46:52.000 -0500
100210,0,0,0,,
100220,2000,0,2000,2026-01-20 14:36:59.000 -0500,2026-01-20 14:36:59.000 -0500
100088,79075,3060,76015,2025-12-10 12:24:23.000 -0500,2026-05-11 23:38:29.000 -0400
100288,0,0,0,,
100540,10000,0,10000,2026-05-12 12:23:13.000 -0400,2026-05-12 12:23:13.000 -0400
100451,0,0,0,,
100318,16075,900,15175,2026-02-20 18:27:05.000 -0500,2026-02-25 05:46:16.000 -0500
100390,42000,0,42000,2026-03-30 11:49:30.000 -0400,2026-03-30 11:49:30.000 -0400
100357,51300,0,51300,2026-03-19 04:09:16.000 -0400,2026-03-19 12:33:46.000 -0400
100128,0,0,0,,
100005,31520,1500,30020,2026-01-22 06:17:54.000 -0500,2026-05-05 18:46:38.000 -0400
100317,0,0,0,,
100074,0,0,0,,
100013,98610,3850,94760,2025-11-19 17:35:54.000 -0500,2026-05-03 20:56:42.000 -0400
100185,0,0,0,,
100425,0,0,0,,
100243,0,0,0,,
100229,65990,1520,64470,2026-01-21 14:09:42.000 -0500,2026-04-01 21:13:24.000 -0400
100350,103560,3250,100310,2026-03-15 10:55:25.000 -0400,2026-04-18 13:49:10.000 -0400
100508,34000,0,34000,2026-05-04 13:27:05.000 -0400,2026-05-04 13:27:05.000 -0400
100401,0,0,0,,
100223,0,0,0,,
100271,13300,0,13300,2026-02-11 10:47:22.000 -0500,2026-02-11 10:58:19.000 -0500
100463,0,0,0,,
100503,83355,900,82455,2026-04-29 19:34:36.000 -0400,2026-05-08 20:17:13.000 -0400
100473,0,0,0,,
100168,50040,2000,48040,2026-02-19 01:15:45.000 -0500,2026-02-19 01:45:34.000 -0500
100051,53750,3380,50370,2025-12-05 22:08:16.000 -0500,2026-05-04 18:55:26.000 -0400
100173,0,0,0,,
100509,86100,500,85600,2026-05-04 14:28:28.000 -0400,2026-05-08 02:52:36.000 -0400
100279,0,0,0,,
100115,0,0,0,,
100026,0,0,0,,
100469,0,0,0,,
100250,52845,2750,50095,2026-02-02 17:27:34.000 -0500,2026-03-27 10:46:27.000 -0400
100059,0,0,0,,
100287,0,0,0,,
100012,10025,250,9775,2025-11-19 14:56:21.000 -0500,2026-01-19 15:40:40.000 -0500
100085,0,0,0,,
100427,0,0,0,,
100502,0,0,0,,
100292,0,0,0,,
100078,0,0,0,,
100524,0,0,0,,
100437,0,0,0,,
100387,0,0,0,,
100393,0,0,0,,
100323,2000,0,2000,2026-02-26 13:54:20.000 -0500,2026-02-26 13:54:20.000 -0500
100307,79480,900,78580,2026-02-11 09:43:43.000 -0500,2026-05-11 21:56:30.000 -0400
100377,38000,2000,36000,2026-03-26 14:02:17.000 -0400,2026-03-26 14:10:51.000 -0400
100029,0,0,0,,
